data_pozyskania,zestawienie_zrodel_ciepla,liczba_budynkow,udzial_procentowy
2026-04-13,BUDYNKI WYŁĄCZNIE ZE ŹRÓDŁAMI CIEPŁA NA PALIWA STAŁE,3570826,56.8
2026-04-13,BUDYNKI WYŁĄCZNIE ZE ŹRÓDŁAMI CIEPŁA NISKOEMISYJNYMI / BEZEMISYJNYMI,1576711,25.08
2026-04-13,BUDYNKI ZE ŹRÓDŁAMI NA PALIWA STAŁE ORAZ NISKOEMISYJNYMI / BEZEMISYJNYMI,1054533,16.77
2026-04-13,DANE DO WERYFIKACJI,84841,1.35
2026-04-13,Dane do weryfikacji,84841,1.35
2026-04-13,kocioł automatyczny kl. 5 lub ekoprojekt,459782,7.31
2026-04-13,kocioł gazowy,1200504,19.1
2026-04-13,kocioł kl. 3 lub kl. 4,779681,12.4
2026-04-13,kocioł olejowy,32684,0.52
2026-04-13,kocioł pozaklasowy,1135921,18.07
2026-04-13,kocioł zasypowy kl. 5 lub ekoprojekt,143463,2.28
2026-04-13,miejska sieć ciepłownicza,40021,0.64
2026-04-13,mix źródeł bezemisyjnych,2418,0.04
2026-04-13,mix źródeł bezemisyjnych + źródeł niskoemisyjnych,24502,0.39
2026-04-13,mix źródeł na paliwa stałe 1 (kocioł pozaklasowy + ogrzewacz),310034,4.93
2026-04-13,mix źródeł na paliwa stałe 2 (w tym kocioł kl. 5 lub ekoprojekt),84272,1.34
2026-04-13,mix źródeł na paliwa stałe 3 (pozostałe przypadki),112362,1.79
2026-04-13,mix źródeł niskoemisyjnych,980,0.02
2026-04-13,ogrzewacz na paliwo stałe,545311,8.67
2026-04-13,ogrzewanie elektryczne,57768,0.92
2026-04-13,pompa ciepła,217834,3.46
2026-04-13,źródła c.o. niskoemisyjne lub bezemisyjne + kocioł kl. 5 lub ekoprojekt,32958,0.52
2026-04-13,źródła c.o. niskoemisyjne lub bezemisyjne + kocioł poniżej klasy 5,208544,3.32
2026-04-13,źródła c.o. niskoemisyjne lub bezemisyjne + mix źródeł na paliwa stałe,66210,1.05
2026-04-13,źródła c.o. niskoemisyjne lub bezemisyjne + ogrzewacz na paliwa stałe,746821,11.88
2026-04-15,BUDYNKI WYŁĄCZNIE ZE ŹRÓDŁAMI CIEPŁA NA PALIWA STAŁE,3570684,56.79
2026-04-15,BUDYNKI WYŁĄCZNIE ZE ŹRÓDŁAMI CIEPŁA NISKOEMISYJNYMI / BEZEMISYJNYMI,1577146,25.08
2026-04-15,BUDYNKI ZE ŹRÓDŁAMI NA PALIWA STAŁE ORAZ NISKOEMISYJNYMI / BEZEMISYJNYMI,1054864,16.78
2026-04-15,DANE DO WERYFIKACJI,84929,1.35
2026-04-15,Dane do weryfikacji,84929,1.35
2026-04-15,kocioł automatyczny kl. 5 lub ekoprojekt,459942,7.32
2026-04-15,kocioł gazowy,1200784,19.1
2026-04-15,kocioł kl. 3 lub kl. 4,779561,12.4
2026-04-15,kocioł olejowy,32682,0.52
2026-04-15,kocioł pozaklasowy,1135718,18.06
2026-04-15,kocioł zasypowy kl. 5 lub ekoprojekt,143508,2.28
2026-04-15,miejska sieć ciepłownicza,40021,0.64
2026-04-15,mix źródeł bezemisyjnych,2418,0.04
2026-04-15,mix źródeł bezemisyjnych + źródeł niskoemisyjnych,24519,0.39
2026-04-15,mix źródeł na paliwa stałe 1 (kocioł pozaklasowy + ogrzewacz),309970,4.93
2026-04-15,mix źródeł na paliwa stałe 2 (w tym kocioł kl. 5 lub ekoprojekt),84293,1.34
2026-04-15,mix źródeł na paliwa stałe 3 (pozostałe przypadki),112349,1.79
2026-04-15,mix źródeł niskoemisyjnych,981,0.02
2026-04-15,ogrzewacz na paliwo stałe,545343,8.67
2026-04-15,ogrzewanie elektryczne,57779,0.92
2026-04-15,pompa ciepła,217962,3.47
2026-04-15,źródła c.o. niskoemisyjne lub bezemisyjne + kocioł kl. 5 lub ekoprojekt,32984,0.52
2026-04-15,źródła c.o. niskoemisyjne lub bezemisyjne + kocioł poniżej klasy 5,208536,3.32
2026-04-15,źródła c.o. niskoemisyjne lub bezemisyjne + mix źródeł na paliwa stałe,66216,1.05
2026-04-15,źródła c.o. niskoemisyjne lub bezemisyjne + ogrzewacz na paliwa stałe,747128,11.88
2026-04-16,BUDYNKI WYŁĄCZNIE ZE ŹRÓDŁAMI CIEPŁA NA PALIWA STAŁE,3570640,56.79
2026-04-16,BUDYNKI WYŁĄCZNIE ZE ŹRÓDŁAMI CIEPŁA NISKOEMISYJNYMI / BEZEMISYJNYMI,1577345,25.09
2026-04-16,BUDYNKI ZE ŹRÓDŁAMI NA PALIWA STAŁE ORAZ NISKOEMISYJNYMI / BEZEMISYJNYMI,1054974,16.78
2026-04-16,DANE DO WERYFIKACJI,84980,1.35
2026-04-16,Dane do weryfikacji,84980,1.35
2026-04-16,kocioł automatyczny kl. 5 lub ekoprojekt,460002,7.32
2026-04-16,kocioł gazowy,1200909,19.1
2026-04-16,kocioł kl. 3 lub kl. 4,779518,12.4
2026-04-16,kocioł olejowy,32682,0.52
2026-04-16,kocioł pozaklasowy,1135648,18.06
2026-04-16,kocioł zasypowy kl. 5 lub ekoprojekt,143538,2.28
2026-04-16,miejska sieć ciepłownicza,40021,0.64
2026-04-16,mix źródeł bezemisyjnych,2417,0.04
2026-04-16,mix źródeł bezemisyjnych + źródeł niskoemisyjnych,24524,0.39
2026-04-16,mix źródeł na paliwa stałe 1 (kocioł pozaklasowy + ogrzewacz),309948,4.93
2026-04-16,mix źródeł na paliwa stałe 2 (w tym kocioł kl. 5 lub ekoprojekt),84302,1.34
2026-04-16,mix źródeł na paliwa stałe 3 (pozostałe przypadki),112343,1.79
2026-04-16,mix źródeł niskoemisyjnych,981,0.02
2026-04-16,ogrzewacz na paliwo stałe,545341,8.67
2026-04-16,ogrzewanie elektryczne,57786,0.92
2026-04-16,pompa ciepła,218025,3.47
2026-04-16,źródła c.o. niskoemisyjne lub bezemisyjne + kocioł kl. 5 lub ekoprojekt,32993,0.52
2026-04-16,źródła c.o. niskoemisyjne lub bezemisyjne + kocioł poniżej klasy 5,208527,3.32
2026-04-16,źródła c.o. niskoemisyjne lub bezemisyjne + mix źródeł na paliwa stałe,66222,1.05
2026-04-16,źródła c.o. niskoemisyjne lub bezemisyjne + ogrzewacz na paliwa stałe,747232,11.88
2026-04-19,BUDYNKI WYŁĄCZNIE ZE ŹRÓDŁAMI CIEPŁA NA PALIWA STAŁE,3570481,56.78
2026-04-19,BUDYNKI WYŁĄCZNIE ZE ŹRÓDŁAMI CIEPŁA NISKOEMISYJNYMI / BEZEMISYJNYMI,1577764,25.09
2026-04-19,BUDYNKI ZE ŹRÓDŁAMI NA PALIWA STAŁE ORAZ NISKOEMISYJNYMI / BEZEMISYJNYMI,1055279,16.78
2026-04-19,DANE DO WERYFIKACJI,85073,1.35
2026-04-19,Dane do weryfikacji,85073,1.35
2026-04-19,kocioł automatyczny kl. 5 lub ekoprojekt,460159,7.32
2026-04-19,kocioł gazowy,1201167,19.1
2026-04-19,kocioł kl. 3 lub kl. 4,779397,12.39
2026-04-19,kocioł olejowy,32675,0.52
2026-04-19,kocioł pozaklasowy,1135440,18.06
2026-04-19,kocioł zasypowy kl. 5 lub ekoprojekt,143583,2.28
2026-04-19,miejska sieć ciepłownicza,40023,0.64
2026-04-19,mix źródeł bezemisyjnych,2416,0.04
2026-04-19,mix źródeł bezemisyjnych + źródeł niskoemisyjnych,24541,0.39
2026-04-19,mix źródeł na paliwa stałe 1 (kocioł pozaklasowy + ogrzewacz),309888,4.93
2026-04-19,mix źródeł na paliwa stałe 2 (w tym kocioł kl. 5 lub ekoprojekt),84330,1.34
2026-04-19,mix źródeł na paliwa stałe 3 (pozostałe przypadki),112324,1.79
2026-04-19,mix źródeł niskoemisyjnych,981,0.02
2026-04-19,ogrzewacz na paliwo stałe,545360,8.67
2026-04-19,ogrzewanie elektryczne,57806,0.92
2026-04-19,pompa ciepła,218155,3.47
2026-04-19,źródła c.o. niskoemisyjne lub bezemisyjne + kocioł kl. 5 lub ekoprojekt,33022,0.53
2026-04-19,źródła c.o. niskoemisyjne lub bezemisyjne + kocioł poniżej klasy 5,208513,3.32
2026-04-19,źródła c.o. niskoemisyjne lub bezemisyjne + mix źródeł na paliwa stałe,66219,1.05
2026-04-19,źródła c.o. niskoemisyjne lub bezemisyjne + ogrzewacz na paliwa stałe,747525,11.89
2026-04-21,BUDYNKI WYŁĄCZNIE ZE ŹRÓDŁAMI CIEPŁA NA PALIWA STAŁE,3570420,56.77
2026-04-21,BUDYNKI WYŁĄCZNIE ZE ŹRÓDŁAMI CIEPŁA NISKOEMISYJNYMI / BEZEMISYJNYMI,1577948,25.09
2026-04-21,BUDYNKI ZE ŹRÓDŁAMI NA PALIWA STAŁE ORAZ NISKOEMISYJNYMI / BEZEMISYJNYMI,1055434,16.78
2026-04-21,DANE DO WERYFIKACJI,85141,1.35
2026-04-21,Dane do weryfikacji,85141,1.35
2026-04-21,kocioł automatyczny kl. 5 lub ekoprojekt,460266,7.32
2026-04-21,kocioł gazowy,1201271,19.1
2026-04-21,kocioł kl. 3 lub kl. 4,779326,12.39
2026-04-21,kocioł olejowy,32674,0.52
2026-04-21,kocioł pozaklasowy,1135335,18.05
2026-04-21,kocioł zasypowy kl. 5 lub ekoprojekt,143600,2.28
2026-04-21,miejska sieć ciepłownicza,40029,0.64
2026-04-21,mix źródeł bezemisyjnych,2417,0.04
2026-04-21,mix źródeł bezemisyjnych + źródeł niskoemisyjnych,24545,0.39
2026-04-21,mix źródeł na paliwa stałe 1 (kocioł pozaklasowy + ogrzewacz),309859,4.93
2026-04-21,mix źródeł na paliwa stałe 2 (w tym kocioł kl. 5 lub ekoprojekt),84358,1.34
2026-04-21,mix źródeł na paliwa stałe 3 (pozostałe przypadki),112313,1.79
2026-04-21,mix źródeł niskoemisyjnych,981,0.02
2026-04-21,ogrzewacz na paliwo stałe,545363,8.67
2026-04-21,ogrzewanie elektryczne,57817,0.92
2026-04-21,pompa ciepła,218214,3.47
2026-04-21,źródła c.o. niskoemisyjne lub bezemisyjne + kocioł kl. 5 lub ekoprojekt,33041,0.53
2026-04-21,źródła c.o. niskoemisyjne lub bezemisyjne + kocioł poniżej klasy 5,208516,3.32
2026-04-21,źródła c.o. niskoemisyjne lub bezemisyjne + mix źródeł na paliwa stałe,66230,1.05
2026-04-21,źródła c.o. niskoemisyjne lub bezemisyjne + ogrzewacz na paliwa stałe,747647,11.89
2026-04-22,BUDYNKI WYŁĄCZNIE ZE ŹRÓDŁAMI CIEPŁA NA PALIWA STAŁE,3570356,56.77
2026-04-22,BUDYNKI WYŁĄCZNIE ZE ŹRÓDŁAMI CIEPŁA NISKOEMISYJNYMI / BEZEMISYJNYMI,1578117,25.09
2026-04-22,BUDYNKI ZE ŹRÓDŁAMI NA PALIWA STAŁE ORAZ NISKOEMISYJNYMI / BEZEMISYJNYMI,1055596,16.78
2026-04-22,DANE DO WERYFIKACJI,85176,1.35
2026-04-22,Dane do weryfikacji,85176,1.35
2026-04-22,kocioł automatyczny kl. 5 lub ekoprojekt,460339,7.32
2026-04-22,kocioł gazowy,1201357,19.1
2026-04-22,kocioł kl. 3 lub kl. 4,779282,12.39
2026-04-22,kocioł olejowy,32672,0.52
2026-04-22,kocioł pozaklasowy,1135230,18.05
2026-04-22,kocioł zasypowy kl. 5 lub ekoprojekt,143620,2.28
2026-04-22,miejska sieć ciepłownicza,40032,0.64
2026-04-22,mix źródeł bezemisyjnych,2419,0.04
2026-04-22,mix źródeł bezemisyjnych + źródeł niskoemisyjnych,24556,0.39
2026-04-22,mix źródeł na paliwa stałe 1 (kocioł pozaklasowy + ogrzewacz),309838,4.93
2026-04-22,mix źródeł na paliwa stałe 2 (w tym kocioł kl. 5 lub ekoprojekt),84376,1.34
2026-04-22,mix źródeł na paliwa stałe 3 (pozostałe przypadki),112303,1.79
2026-04-22,mix źródeł niskoemisyjnych,981,0.02
2026-04-22,ogrzewacz na paliwo stałe,545368,8.67
2026-04-22,ogrzewanie elektryczne,57826,0.92
2026-04-22,pompa ciepła,218274,3.47
2026-04-22,źródła c.o. niskoemisyjne lub bezemisyjne + kocioł kl. 5 lub ekoprojekt,33048,0.53
2026-04-22,źródła c.o. niskoemisyjne lub bezemisyjne + kocioł poniżej klasy 5,208547,3.32
2026-04-22,źródła c.o. niskoemisyjne lub bezemisyjne + mix źródeł na paliwa stałe,66231,1.05
2026-04-22,źródła c.o. niskoemisyjne lub bezemisyjne + ogrzewacz na paliwa stałe,747770,11.89
2026-05-05,BUDYNKI WYŁĄCZNIE ZE ŹRÓDŁAMI CIEPŁA NA PALIWA STAŁE,3569992,56.74
2026-05-05,BUDYNKI WYŁĄCZNIE ZE ŹRÓDŁAMI CIEPŁA NISKOEMISYJNYMI / BEZEMISYJNYMI,1579554,25.11
2026-05-05,BUDYNKI ZE ŹRÓDŁAMI NA PALIWA STAŁE ORAZ NISKOEMISYJNYMI / BEZEMISYJNYMI,1056708,16.8
2026-05-05,DANE DO WERYFIKACJI,85480,1.36
2026-05-05,Dane do weryfikacji,85480,1.36
2026-05-05,kocioł automatyczny kl. 5 lub ekoprojekt,461060,7.33
2026-05-05,kocioł gazowy,1202195,19.11
2026-05-05,kocioł kl. 3 lub kl. 4,778818,12.38
2026-05-05,kocioł olejowy,32655,0.52
2026-05-05,kocioł pozaklasowy,1134438,18.03
2026-05-05,kocioł zasypowy kl. 5 lub ekoprojekt,143780,2.29
2026-05-05,miejska sieć ciepłownicza,40051,0.64
2026-05-05,mix źródeł bezemisyjnych,2423,0.04
2026-05-05,mix źródeł bezemisyjnych + źródeł niskoemisyjnych,24606,0.39
2026-05-05,mix źródeł na paliwa stałe 1 (kocioł pozaklasowy + ogrzewacz),309650,4.92
2026-05-05,mix źródeł na paliwa stałe 2 (w tym kocioł kl. 5 lub ekoprojekt),84561,1.34
2026-05-05,mix źródeł na paliwa stałe 3 (pozostałe przypadki),112237,1.78
2026-05-05,mix źródeł niskoemisyjnych,982,0.02
2026-05-05,ogrzewacz na paliwo stałe,545448,8.67
2026-05-05,ogrzewanie elektryczne,57906,0.92
2026-05-05,pompa ciepła,218736,3.48
2026-05-05,źródła c.o. niskoemisyjne lub bezemisyjne + kocioł kl. 5 lub ekoprojekt,33132,0.53
2026-05-05,źródła c.o. niskoemisyjne lub bezemisyjne + kocioł poniżej klasy 5,208610,3.32
2026-05-05,źródła c.o. niskoemisyjne lub bezemisyjne + mix źródeł na paliwa stałe,66249,1.05
2026-05-05,źródła c.o. niskoemisyjne lub bezemisyjne + ogrzewacz na paliwa stałe,748717,11.9
2026-05-15,BUDYNKI WYŁĄCZNIE ZE ŹRÓDŁAMI CIEPŁA NA PALIWA STAŁE,3569632,56.71
2026-05-15,BUDYNKI WYŁĄCZNIE ZE ŹRÓDŁAMI CIEPŁA NISKOEMISYJNYMI / BEZEMISYJNYMI,1581084,25.12
2026-05-15,BUDYNKI ZE ŹRÓDŁAMI NA PALIWA STAŁE ORAZ NISKOEMISYJNYMI / BEZEMISYJNYMI,1057830,16.81
2026-05-15,DANE DO WERYFIKACJI,85767,1.36
2026-05-15,Dane do weryfikacji,85767,1.36
2026-05-15,kocioł automatyczny kl. 5 lub ekoprojekt,461745,7.34
2026-05-15,kocioł gazowy,1203089,19.11
2026-05-15,kocioł kl. 3 lub kl. 4,778287,12.36
2026-05-15,kocioł olejowy,32635,0.52
2026-05-15,kocioł pozaklasowy,1133741,18.01
2026-05-15,kocioł zasypowy kl. 5 lub ekoprojekt,143967,2.29
2026-05-15,miejska sieć ciepłownicza,40082,0.64
2026-05-15,mix źródeł bezemisyjnych,2433,0.04
2026-05-15,mix źródeł bezemisyjnych + źródeł niskoemisyjnych,24649,0.39
2026-05-15,mix źródeł na paliwa stałe 1 (kocioł pozaklasowy + ogrzewacz),309474,4.92
2026-05-15,mix źródeł na paliwa stałe 2 (w tym kocioł kl. 5 lub ekoprojekt),84702,1.35
2026-05-15,mix źródeł na paliwa stałe 3 (pozostałe przypadki),112167,1.78
2026-05-15,mix źródeł niskoemisyjnych,981,0.02
2026-05-15,ogrzewacz na paliwo stałe,545549,8.67
2026-05-15,ogrzewanie elektryczne,57972,0.92
2026-05-15,pompa ciepła,219243,3.48
2026-05-15,źródła c.o. niskoemisyjne lub bezemisyjne + kocioł kl. 5 lub ekoprojekt,33221,0.53
2026-05-15,źródła c.o. niskoemisyjne lub bezemisyjne + kocioł poniżej klasy 5,208688,3.32
2026-05-15,źródła c.o. niskoemisyjne lub bezemisyjne + mix źródeł na paliwa stałe,66263,1.05
2026-05-15,źródła c.o. niskoemisyjne lub bezemisyjne + ogrzewacz na paliwa stałe,749658,11.91
2026-05-16,BUDYNKI WYŁĄCZNIE ZE ŹRÓDŁAMI CIEPŁA NA PALIWA STAŁE,3569586,56.71
2026-05-16,BUDYNKI WYŁĄCZNIE ZE ŹRÓDŁAMI CIEPŁA NISKOEMISYJNYMI / BEZEMISYJNYMI,1581241,25.12
2026-05-16,BUDYNKI ZE ŹRÓDŁAMI NA PALIWA STAŁE ORAZ NISKOEMISYJNYMI / BEZEMISYJNYMI,1057923,16.81
2026-05-16,DANE DO WERYFIKACJI,85790,1.36
2026-05-16,Dane do weryfikacji,85790,1.36
2026-05-16,kocioł automatyczny kl. 5 lub ekoprojekt,461820,7.34
2026-05-16,kocioł gazowy,1203178,19.11
2026-05-16,kocioł kl. 3 lub kl. 4,778248,12.36
2026-05-16,kocioł olejowy,32632,0.52
2026-05-16,kocioł pozaklasowy,1133653,18.01
2026-05-16,kocioł zasypowy kl. 5 lub ekoprojekt,143986,2.29
2026-05-16,miejska sieć ciepłownicza,40080,0.64
2026-05-16,mix źródeł bezemisyjnych,2435,0.04
2026-05-16,mix źródeł bezemisyjnych + źródeł niskoemisyjnych,24653,0.39
2026-05-16,mix źródeł na paliwa stałe 1 (kocioł pozaklasowy + ogrzewacz),309446,4.92
2026-05-16,mix źródeł na paliwa stałe 2 (w tym kocioł kl. 5 lub ekoprojekt),84722,1.35
2026-05-16,mix źródeł na paliwa stałe 3 (pozostałe przypadki),112158,1.78
2026-05-16,mix źródeł niskoemisyjnych,981,0.02
2026-05-16,ogrzewacz na paliwo stałe,545553,8.67
2026-05-16,ogrzewanie elektryczne,57981,0.92
2026-05-16,pompa ciepła,219301,3.48
2026-05-16,źródła c.o. niskoemisyjne lub bezemisyjne + kocioł kl. 5 lub ekoprojekt,33232,0.53
2026-05-16,źródła c.o. niskoemisyjne lub bezemisyjne + kocioł poniżej klasy 5,208694,3.32
2026-05-16,źródła c.o. niskoemisyjne lub bezemisyjne + mix źródeł na paliwa stałe,66266,1.05
2026-05-16,źródła c.o. niskoemisyjne lub bezemisyjne + ogrzewacz na paliwa stałe,749731,11.91
2026-05-18,BUDYNKI WYŁĄCZNIE ZE ŹRÓDŁAMI CIEPŁA NA PALIWA STAŁE,3569587,56.71
2026-05-18,BUDYNKI WYŁĄCZNIE ZE ŹRÓDŁAMI CIEPŁA NISKOEMISYJNYMI / BEZEMISYJNYMI,1581276,25.12
2026-05-18,BUDYNKI ZE ŹRÓDŁAMI NA PALIWA STAŁE ORAZ NISKOEMISYJNYMI / BEZEMISYJNYMI,1058018,16.81
2026-05-18,DANE DO WERYFIKACJI,85834,1.36
2026-05-18,Dane do weryfikacji,85834,1.36
2026-05-18,kocioł automatyczny kl. 5 lub ekoprojekt,461845,7.34
2026-05-18,kocioł gazowy,1203192,19.11
2026-05-18,kocioł kl. 3 lub kl. 4,778241,12.36
2026-05-18,kocioł olejowy,32630,0.52
2026-05-18,kocioł pozaklasowy,1133619,18.01
2026-05-18,kocioł zasypowy kl. 5 lub ekoprojekt,143997,2.29
2026-05-18,miejska sieć ciepłownicza,40084,0.64
2026-05-18,mix źródeł bezemisyjnych,2435,0.04
2026-05-18,mix źródeł bezemisyjnych + źródeł niskoemisyjnych,24660,0.39
2026-05-18,mix źródeł na paliwa stałe 1 (kocioł pozaklasowy + ogrzewacz),309442,4.92
2026-05-18,mix źródeł na paliwa stałe 2 (w tym kocioł kl. 5 lub ekoprojekt),84728,1.35
2026-05-18,mix źródeł na paliwa stałe 3 (pozostałe przypadki),112148,1.78
2026-05-18,mix źródeł niskoemisyjnych,981,0.02
2026-05-18,ogrzewacz na paliwo stałe,545567,8.67
2026-05-18,ogrzewanie elektryczne,57979,0.92
2026-05-18,pompa ciepła,219315,3.48
2026-05-18,źródła c.o. niskoemisyjne lub bezemisyjne + kocioł kl. 5 lub ekoprojekt,33233,0.53
2026-05-18,źródła c.o. niskoemisyjne lub bezemisyjne + kocioł poniżej klasy 5,208698,3.32
2026-05-18,źródła c.o. niskoemisyjne lub bezemisyjne + mix źródeł na paliwa stałe,66274,1.05
2026-05-18,źródła c.o. niskoemisyjne lub bezemisyjne + ogrzewacz na paliwa stałe,749813,11.91
2026-05-20,BUDYNKI WYŁĄCZNIE ZE ŹRÓDŁAMI CIEPŁA NA PALIWA STAŁE,3569453,56.7
2026-05-20,BUDYNKI WYŁĄCZNIE ZE ŹRÓDŁAMI CIEPŁA NISKOEMISYJNYMI / BEZEMISYJNYMI,1581662,25.12
2026-05-20,BUDYNKI ZE ŹRÓDŁAMI NA PALIWA STAŁE ORAZ NISKOEMISYJNYMI / BEZEMISYJNYMI,1058253,16.81
2026-05-20,DANE DO WERYFIKACJI,85907,1.36
2026-05-20,Dane do weryfikacji,85907,1.36
2026-05-20,kocioł automatyczny kl. 5 lub ekoprojekt,462022,7.34
2026-05-20,kocioł gazowy,1203430,19.12
2026-05-20,kocioł kl. 3 lub kl. 4,778088,12.36
2026-05-20,kocioł olejowy,32627,0.52
2026-05-20,kocioł pozaklasowy,1133439,18.0
2026-05-20,kocioł zasypowy kl. 5 lub ekoprojekt,144057,2.29
2026-05-20,miejska sieć ciepłownicza,40094,0.64
2026-05-20,mix źródeł bezemisyjnych,2438,0.04
2026-05-20,mix źródeł bezemisyjnych + źródeł niskoemisyjnych,24672,0.39
2026-05-20,mix źródeł na paliwa stałe 1 (kocioł pozaklasowy + ogrzewacz),309406,4.91
2026-05-20,mix źródeł na paliwa stałe 2 (w tym kocioł kl. 5 lub ekoprojekt),84741,1.35
2026-05-20,mix źródeł na paliwa stałe 3 (pozostałe przypadki),112126,1.78
2026-05-20,mix źródeł niskoemisyjnych,982,0.02
2026-05-20,ogrzewacz na paliwo stałe,545574,8.67
2026-05-20,ogrzewanie elektryczne,57989,0.92
2026-05-20,pompa ciepła,219430,3.49
2026-05-20,źródła c.o. niskoemisyjne lub bezemisyjne + kocioł kl. 5 lub ekoprojekt,33255,0.53
2026-05-20,źródła c.o. niskoemisyjne lub bezemisyjne + kocioł poniżej klasy 5,208716,3.32
2026-05-20,źródła c.o. niskoemisyjne lub bezemisyjne + mix źródeł na paliwa stałe,66285,1.05
2026-05-20,źródła c.o. niskoemisyjne lub bezemisyjne + ogrzewacz na paliwa stałe,749997,11.91
2026-05-22,BUDYNKI WYŁĄCZNIE ZE ŹRÓDŁAMI CIEPŁA NA PALIWA STAŁE,3569368,56.69
2026-05-22,BUDYNKI WYŁĄCZNIE ZE ŹRÓDŁAMI CIEPŁA NISKOEMISYJNYMI / BEZEMISYJNYMI,1582014,25.13
2026-05-22,BUDYNKI ZE ŹRÓDŁAMI NA PALIWA STAŁE ORAZ NISKOEMISYJNYMI / BEZEMISYJNYMI,1058474,16.81
2026-05-22,DANE DO WERYFIKACJI,85968,1.37
2026-05-22,Dane do weryfikacji,85968,1.37
2026-05-22,kocioł automatyczny kl. 5 lub ekoprojekt,462224,7.34
2026-05-22,kocioł gazowy,1203644,19.12
2026-05-22,kocioł kl. 3 lub kl. 4,777969,12.36
2026-05-22,kocioł olejowy,32631,0.52
2026-05-22,kocioł pozaklasowy,1133225,18.0
2026-05-22,kocioł zasypowy kl. 5 lub ekoprojekt,144081,2.29
2026-05-22,miejska sieć ciepłownicza,40098,0.64
2026-05-22,mix źródeł bezemisyjnych,2439,0.04
2026-05-22,mix źródeł bezemisyjnych + źródeł niskoemisyjnych,24673,0.39
2026-05-22,mix źródeł na paliwa stałe 1 (kocioł pozaklasowy + ogrzewacz),309384,4.91
2026-05-22,mix źródeł na paliwa stałe 2 (w tym kocioł kl. 5 lub ekoprojekt),84771,1.35
2026-05-22,mix źródeł na paliwa stałe 3 (pozostałe przypadki),112117,1.78
2026-05-22,mix źródeł niskoemisyjnych,983,0.02
2026-05-22,ogrzewacz na paliwo stałe,545597,8.67
2026-05-22,ogrzewanie elektryczne,58006,0.92
2026-05-22,pompa ciepła,219540,3.49
2026-05-22,źródła c.o. niskoemisyjne lub bezemisyjne + kocioł kl. 5 lub ekoprojekt,33263,0.53
2026-05-22,źródła c.o. niskoemisyjne lub bezemisyjne + kocioł poniżej klasy 5,208731,3.32
2026-05-22,źródła c.o. niskoemisyjne lub bezemisyjne + mix źródeł na paliwa stałe,66290,1.05
2026-05-22,źródła c.o. niskoemisyjne lub bezemisyjne + ogrzewacz na paliwa stałe,750190,11.92
2026-05-23,BUDYNKI WYŁĄCZNIE ZE ŹRÓDŁAMI CIEPŁA NA PALIWA STAŁE,3569328,56.69
2026-05-23,BUDYNKI WYŁĄCZNIE ZE ŹRÓDŁAMI CIEPŁA NISKOEMISYJNYMI / BEZEMISYJNYMI,1582143,25.13
2026-05-23,BUDYNKI ZE ŹRÓDŁAMI NA PALIWA STAŁE ORAZ NISKOEMISYJNYMI / BEZEMISYJNYMI,1058581,16.81
2026-05-23,DANE DO WERYFIKACJI,85977,1.37
2026-05-23,Dane do weryfikacji,85977,1.37
2026-05-23,kocioł automatyczny kl. 5 lub ekoprojekt,462272,7.34
2026-05-23,kocioł gazowy,1203728,19.12
2026-05-23,kocioł kl. 3 lub kl. 4,777908,12.36
2026-05-23,kocioł olejowy,32632,0.52
2026-05-23,kocioł pozaklasowy,1133162,18.0
2026-05-23,kocioł zasypowy kl. 5 lub ekoprojekt,144098,2.29
2026-05-23,miejska sieć ciepłownicza,40098,0.64
2026-05-23,mix źródeł bezemisyjnych,2439,0.04
2026-05-23,mix źródeł bezemisyjnych + źródeł niskoemisyjnych,24679,0.39
2026-05-23,mix źródeł na paliwa stałe 1 (kocioł pozaklasowy + ogrzewacz),309385,4.91
2026-05-23,mix źródeł na paliwa stałe 2 (w tym kocioł kl. 5 lub ekoprojekt),84783,1.35
2026-05-23,mix źródeł na paliwa stałe 3 (pozostałe przypadki),112105,1.78
2026-05-23,mix źródeł niskoemisyjnych,983,0.02
2026-05-23,ogrzewacz na paliwo stałe,545615,8.67
2026-05-23,ogrzewanie elektryczne,58012,0.92
2026-05-23,pompa ciepła,219572,3.49
2026-05-23,źródła c.o. niskoemisyjne lub bezemisyjne + kocioł kl. 5 lub ekoprojekt,33276,0.53
2026-05-23,źródła c.o. niskoemisyjne lub bezemisyjne + kocioł poniżej klasy 5,208736,3.32
2026-05-23,źródła c.o. niskoemisyjne lub bezemisyjne + mix źródeł na paliwa stałe,66297,1.05
2026-05-23,źródła c.o. niskoemisyjne lub bezemisyjne + ogrzewacz na paliwa stałe,750272,11.92
2026-05-27,BUDYNKI WYŁĄCZNIE ZE ŹRÓDŁAMI CIEPŁA NA PALIWA STAŁE,3570136,56.7
2026-05-27,BUDYNKI WYŁĄCZNIE ZE ŹRÓDŁAMI CIEPŁA NISKOEMISYJNYMI / BEZEMISYJNYMI,1583623,25.15
2026-05-27,BUDYNKI ZE ŹRÓDŁAMI NA PALIWA STAŁE ORAZ NISKOEMISYJNYMI / BEZEMISYJNYMI,1058852,16.82
2026-05-27,DANE DO WERYFIKACJI,84086,1.34
2026-05-27,Dane do weryfikacji,84086,1.34
2026-05-27,kocioł automatyczny kl. 5 lub ekoprojekt,463978,7.37
2026-05-27,kocioł gazowy,1204455,19.13
2026-05-27,kocioł kl. 3 lub kl. 4,781149,12.41
2026-05-27,kocioł olejowy,32652,0.52
2026-05-27,kocioł pozaklasowy,1136666,18.05
2026-05-27,kocioł zasypowy kl. 5 lub ekoprojekt,145014,2.3
2026-05-27,miejska sieć ciepłownicza,40120,0.64
2026-05-27,mix źródeł bezemisyjnych,2438,0.04
2026-05-27,mix źródeł bezemisyjnych + źródeł niskoemisyjnych,24686,0.39
2026-05-27,mix źródeł na paliwa stałe 1 (kocioł pozaklasowy + ogrzewacz),309313,4.91
2026-05-27,mix źródeł na paliwa stałe 2 (w tym kocioł kl. 5 lub ekoprojekt),84798,1.35
2026-05-27,mix źródeł na paliwa stałe 3 (pozostałe przypadki),102179,1.62
2026-05-27,mix źródeł niskoemisyjnych,984,0.02
2026-05-27,ogrzewacz na paliwo stałe,547039,8.69
2026-05-27,ogrzewanie elektryczne,58292,0.93
2026-05-27,pompa ciepła,219996,3.49
2026-05-27,źródła c.o. niskoemisyjne lub bezemisyjne + kocioł kl. 5 lub ekoprojekt,33295,0.53
2026-05-27,źródła c.o. niskoemisyjne lub bezemisyjne + kocioł poniżej klasy 5,208756,3.32
2026-05-27,źródła c.o. niskoemisyjne lub bezemisyjne + mix źródeł na paliwa stałe,66310,1.05
2026-05-27,źródła c.o. niskoemisyjne lub bezemisyjne + ogrzewacz na paliwa stałe,750491,11.92
2026-05-28,BUDYNKI WYŁĄCZNIE ZE ŹRÓDŁAMI CIEPŁA NA PALIWA STAŁE,3570093,56.7
2026-05-28,BUDYNKI WYŁĄCZNIE ZE ŹRÓDŁAMI CIEPŁA NISKOEMISYJNYMI / BEZEMISYJNYMI,1583774,25.15
2026-05-28,BUDYNKI ZE ŹRÓDŁAMI NA PALIWA STAŁE ORAZ NISKOEMISYJNYMI / BEZEMISYJNYMI,1058941,16.82
2026-05-28,DANE DO WERYFIKACJI,84116,1.34
2026-05-28,Dane do weryfikacji,84116,1.34
2026-05-28,kocioł automatyczny kl. 5 lub ekoprojekt,464046,7.37
2026-05-28,kocioł gazowy,1204564,19.13
2026-05-28,kocioł kl. 3 lub kl. 4,781103,12.4
2026-05-28,kocioł olejowy,32648,0.52
2026-05-28,kocioł pozaklasowy,1136581,18.05
2026-05-28,kocioł zasypowy kl. 5 lub ekoprojekt,145035,2.3
2026-05-28,miejska sieć ciepłownicza,40120,0.64
2026-05-28,mix źródeł bezemisyjnych,2439,0.04
2026-05-28,mix źródeł bezemisyjnych + źródeł niskoemisyjnych,24691,0.39
2026-05-28,mix źródeł na paliwa stałe 1 (kocioł pozaklasowy + ogrzewacz),309292,4.91
2026-05-28,mix źródeł na paliwa stałe 2 (w tym kocioł kl. 5 lub ekoprojekt),84808,1.35
2026-05-28,mix źródeł na paliwa stałe 3 (pozostałe przypadki),102172,1.62
2026-05-28,mix źródeł niskoemisyjnych,984,0.02
2026-05-28,ogrzewacz na paliwo stałe,547056,8.69
2026-05-28,ogrzewanie elektryczne,58292,0.93
2026-05-28,pompa ciepła,220036,3.49
2026-05-28,źródła c.o. niskoemisyjne lub bezemisyjne + kocioł kl. 5 lub ekoprojekt,33305,0.53
2026-05-28,źródła c.o. niskoemisyjne lub bezemisyjne + kocioł poniżej klasy 5,208766,3.32
2026-05-28,źródła c.o. niskoemisyjne lub bezemisyjne + mix źródeł na paliwa stałe,66308,1.05
2026-05-28,źródła c.o. niskoemisyjne lub bezemisyjne + ogrzewacz na paliwa stałe,750562,11.92
2026-05-29,BUDYNKI WYŁĄCZNIE ZE ŹRÓDŁAMI CIEPŁA NA PALIWA STAŁE,3570050,56.69
2026-05-29,BUDYNKI WYŁĄCZNIE ZE ŹRÓDŁAMI CIEPŁA NISKOEMISYJNYMI / BEZEMISYJNYMI,1583929,25.15
2026-05-29,BUDYNKI ZE ŹRÓDŁAMI NA PALIWA STAŁE ORAZ NISKOEMISYJNYMI / BEZEMISYJNYMI,1059070,16.82
2026-05-29,DANE DO WERYFIKACJI,84132,1.34
2026-05-29,Dane do weryfikacji,84132,1.34
2026-05-29,kocioł automatyczny kl. 5 lub ekoprojekt,464145,7.37
2026-05-29,kocioł gazowy,1204667,19.13
2026-05-29,kocioł kl. 3 lub kl. 4,781030,12.4
2026-05-29,kocioł olejowy,32646,0.52
2026-05-29,kocioł pozaklasowy,1136492,18.05
2026-05-29,kocioł zasypowy kl. 5 lub ekoprojekt,145058,2.3
2026-05-29,miejska sieć ciepłownicza,40124,0.64
2026-05-29,mix źródeł bezemisyjnych,2438,0.04
2026-05-29,mix źródeł bezemisyjnych + źródeł niskoemisyjnych,24696,0.39
2026-05-29,mix źródeł na paliwa stałe 1 (kocioł pozaklasowy + ogrzewacz),309271,4.91
2026-05-29,mix źródeł na paliwa stałe 2 (w tym kocioł kl. 5 lub ekoprojekt),84811,1.35
2026-05-29,mix źródeł na paliwa stałe 3 (pozostałe przypadki),102170,1.62
2026-05-29,mix źródeł niskoemisyjnych,984,0.02
2026-05-29,ogrzewacz na paliwo stałe,547073,8.69
2026-05-29,ogrzewanie elektryczne,58306,0.93
2026-05-29,pompa ciepła,220068,3.49
2026-05-29,źródła c.o. niskoemisyjne lub bezemisyjne + kocioł kl. 5 lub ekoprojekt,33312,0.53
2026-05-29,źródła c.o. niskoemisyjne lub bezemisyjne + kocioł poniżej klasy 5,208780,3.32
2026-05-29,źródła c.o. niskoemisyjne lub bezemisyjne + mix źródeł na paliwa stałe,66315,1.05
2026-05-29,źródła c.o. niskoemisyjne lub bezemisyjne + ogrzewacz na paliwa stałe,750663,11.92
2026-05-30,BUDYNKI WYŁĄCZNIE ZE ŹRÓDŁAMI CIEPŁA NA PALIWA STAŁE,3570030,56.69
2026-05-30,BUDYNKI WYŁĄCZNIE ZE ŹRÓDŁAMI CIEPŁA NISKOEMISYJNYMI / BEZEMISYJNYMI,1584054,25.15
2026-05-30,BUDYNKI ZE ŹRÓDŁAMI NA PALIWA STAŁE ORAZ NISKOEMISYJNYMI / BEZEMISYJNYMI,1059157,16.82
2026-05-30,DANE DO WERYFIKACJI,84150,1.34
2026-05-30,Dane do weryfikacji,84150,1.34
2026-05-30,kocioł automatyczny kl. 5 lub ekoprojekt,464221,7.37
2026-05-30,kocioł gazowy,1204736,19.13
2026-05-30,kocioł kl. 3 lub kl. 4,780976,12.4
2026-05-30,kocioł olejowy,32644,0.52
2026-05-30,kocioł pozaklasowy,1136433,18.05
2026-05-30,kocioł zasypowy kl. 5 lub ekoprojekt,145075,2.3
2026-05-30,miejska sieć ciepłownicza,40126,0.64
2026-05-30,mix źródeł bezemisyjnych,2440,0.04
2026-05-30,mix źródeł bezemisyjnych + źródeł niskoemisyjnych,24700,0.39
2026-05-30,mix źródeł na paliwa stałe 1 (kocioł pozaklasowy + ogrzewacz),309251,4.91
2026-05-30,mix źródeł na paliwa stałe 2 (w tym kocioł kl. 5 lub ekoprojekt),84827,1.35
2026-05-30,mix źródeł na paliwa stałe 3 (pozostałe przypadki),102162,1.62
2026-05-30,mix źródeł niskoemisyjnych,984,0.02
2026-05-30,ogrzewacz na paliwo stałe,547085,8.69
2026-05-30,ogrzewanie elektryczne,58308,0.93
2026-05-30,pompa ciepła,220116,3.5
2026-05-30,źródła c.o. niskoemisyjne lub bezemisyjne + kocioł kl. 5 lub ekoprojekt,33323,0.53
2026-05-30,źródła c.o. niskoemisyjne lub bezemisyjne + kocioł poniżej klasy 5,208787,3.32
2026-05-30,źródła c.o. niskoemisyjne lub bezemisyjne + mix źródeł na paliwa stałe,66319,1.05
2026-05-30,źródła c.o. niskoemisyjne lub bezemisyjne + ogrzewacz na paliwa stałe,750728,11.92
2026-06-01,BUDYNKI WYŁĄCZNIE ZE ŹRÓDŁAMI CIEPŁA NA PALIWA STAŁE,3570035,56.69
2026-06-01,BUDYNKI WYŁĄCZNIE ZE ŹRÓDŁAMI CIEPŁA NISKOEMISYJNYMI / BEZEMISYJNYMI,1584104,25.15
2026-06-01,BUDYNKI ZE ŹRÓDŁAMI NA PALIWA STAŁE ORAZ NISKOEMISYJNYMI / BEZEMISYJNYMI,1059203,16.82
2026-06-01,DANE DO WERYFIKACJI,84189,1.34
2026-06-01,Dane do weryfikacji,84189,1.34
2026-06-01,kocioł automatyczny kl. 5 lub ekoprojekt,464249,7.37
2026-06-01,kocioł gazowy,1204762,19.13
2026-06-01,kocioł kl. 3 lub kl. 4,780957,12.4
2026-06-01,kocioł olejowy,32643,0.52
2026-06-01,kocioł pozaklasowy,1136409,18.05
2026-06-01,kocioł zasypowy kl. 5 lub ekoprojekt,145081,2.3
2026-06-01,miejska sieć ciepłownicza,40125,0.64
2026-06-01,mix źródeł bezemisyjnych,2440,0.04
2026-06-01,mix źródeł bezemisyjnych + źródeł niskoemisyjnych,24702,0.39
2026-06-01,mix źródeł na paliwa stałe 1 (kocioł pozaklasowy + ogrzewacz),309253,4.91
2026-06-01,mix źródeł na paliwa stałe 2 (w tym kocioł kl. 5 lub ekoprojekt),84830,1.35
2026-06-01,mix źródeł na paliwa stałe 3 (pozostałe przypadki),102160,1.62
2026-06-01,mix źródeł niskoemisyjnych,984,0.02
2026-06-01,ogrzewacz na paliwo stałe,547096,8.69
2026-06-01,ogrzewanie elektryczne,58311,0.93
2026-06-01,pompa ciepła,220137,3.5
2026-06-01,źródła c.o. niskoemisyjne lub bezemisyjne + kocioł kl. 5 lub ekoprojekt,33325,0.53
2026-06-01,źródła c.o. niskoemisyjne lub bezemisyjne + kocioł poniżej klasy 5,208796,3.32
2026-06-01,źródła c.o. niskoemisyjne lub bezemisyjne + mix źródeł na paliwa stałe,66318,1.05
2026-06-01,źródła c.o. niskoemisyjne lub bezemisyjne + ogrzewacz na paliwa stałe,750764,11.92
2026-06-02,BUDYNKI WYŁĄCZNIE ZE ŹRÓDŁAMI CIEPŁA NA PALIWA STAŁE,3569977,56.69
2026-06-02,BUDYNKI WYŁĄCZNIE ZE ŹRÓDŁAMI CIEPŁA NISKOEMISYJNYMI / BEZEMISYJNYMI,1584284,25.16
2026-06-02,BUDYNKI ZE ŹRÓDŁAMI NA PALIWA STAŁE ORAZ NISKOEMISYJNYMI / BEZEMISYJNYMI,1059326,16.82
2026-06-02,DANE DO WERYFIKACJI,84216,1.34
2026-06-02,Dane do weryfikacji,84216,1.34
2026-06-02,kocioł automatyczny kl. 5 lub ekoprojekt,464333,7.37
2026-06-02,kocioł gazowy,1204867,19.13
2026-06-02,kocioł kl. 3 lub kl. 4,780915,12.4
2026-06-02,kocioł olejowy,32645,0.52
2026-06-02,kocioł pozaklasowy,1136310,18.04
2026-06-02,kocioł zasypowy kl. 5 lub ekoprojekt,145110,2.3
2026-06-02,miejska sieć ciepłownicza,40129,0.64
2026-06-02,mix źródeł bezemisyjnych,2444,0.04
2026-06-02,mix źródeł bezemisyjnych + źródeł niskoemisyjnych,24712,0.39
2026-06-02,mix źródeł na paliwa stałe 1 (kocioł pozaklasowy + ogrzewacz),309218,4.91
2026-06-02,mix źródeł na paliwa stałe 2 (w tym kocioł kl. 5 lub ekoprojekt),84842,1.35
2026-06-02,mix źródeł na paliwa stałe 3 (pozostałe przypadki),102146,1.62
2026-06-02,mix źródeł niskoemisyjnych,984,0.02
2026-06-02,ogrzewacz na paliwo stałe,547103,8.69
2026-06-02,ogrzewanie elektryczne,58318,0.93
2026-06-02,pompa ciepła,220185,3.5
2026-06-02,źródła c.o. niskoemisyjne lub bezemisyjne + kocioł kl. 5 lub ekoprojekt,33336,0.53
2026-06-02,źródła c.o. niskoemisyjne lub bezemisyjne + kocioł poniżej klasy 5,208792,3.32
2026-06-02,źródła c.o. niskoemisyjne lub bezemisyjne + mix źródeł na paliwa stałe,66319,1.05
2026-06-02,źródła c.o. niskoemisyjne lub bezemisyjne + ogrzewacz na paliwa stałe,750879,11.92
2026-06-12,BUDYNKI WYŁĄCZNIE ZE ŹRÓDŁAMI CIEPŁA NA PALIWA STAŁE,3569282,56.69
2026-06-12,BUDYNKI WYŁĄCZNIE ZE ŹRÓDŁAMI CIEPŁA NISKOEMISYJNYMI / BEZEMISYJNYMI,1588543,25.23
2026-06-12,BUDYNKI ZE ŹRÓDŁAMI NA PALIWA STAŁE ORAZ NISKOEMISYJNYMI / BEZEMISYJNYMI,1055671,16.77
2026-06-12,DANE DO WERYFIKACJI,82778,1.31
2026-06-12,Dane do weryfikacji,82778,1.31
2026-06-12,kocioł automatyczny kl. 5 lub ekoprojekt,463721,7.37
2026-06-12,kocioł gazowy,1206504,19.16
2026-06-12,kocioł kl. 3 lub kl. 4,776891,12.34
2026-06-12,kocioł olejowy,32659,0.52
2026-06-12,kocioł pozaklasowy,1137856,18.07
2026-06-12,kocioł zasypowy kl. 5 lub ekoprojekt,143577,2.28
2026-06-12,miejska sieć ciepłownicza,40144,0.64
2026-06-12,mix źródeł bezemisyjnych,2445,0.04
2026-06-12,mix źródeł bezemisyjnych + źródeł niskoemisyjnych,24684,0.39
2026-06-12,mix źródeł na paliwa stałe 1 (kocioł pozaklasowy + ogrzewacz),308786,4.9
2026-06-12,mix źródeł na paliwa stałe 2 (w tym kocioł kl. 5 lub ekoprojekt),88499,1.41
2026-06-12,mix źródeł na paliwa stałe 3 (pozostałe przypadki),6702,0.11
2026-06-12,mix źródeł niskoemisyjnych,973,0.02
2026-06-12,ogrzewacz na paliwo stałe,643250,10.22
2026-06-12,ogrzewanie elektryczne,58515,0.93
2026-06-12,pompa ciepła,222619,3.54
2026-06-12,źródła c.o. niskoemisyjne lub bezemisyjne + kocioł kl. 5 lub ekoprojekt,33134,0.53
2026-06-12,źródła c.o. niskoemisyjne lub bezemisyjne + kocioł poniżej klasy 5,206082,3.27
2026-06-12,źródła c.o. niskoemisyjne lub bezemisyjne + mix źródeł na paliwa stałe,65477,1.04
2026-06-12,źródła c.o. niskoemisyjne lub bezemisyjne + ogrzewacz na paliwa stałe,750978,11.93
2026-06-16,BUDYNKI WYŁĄCZNIE ZE ŹRÓDŁAMI CIEPŁA NA PALIWA STAŁE,3569227,56.68
2026-06-16,BUDYNKI WYŁĄCZNIE ZE ŹRÓDŁAMI CIEPŁA NISKOEMISYJNYMI / BEZEMISYJNYMI,1588885,25.23
2026-06-16,BUDYNKI ZE ŹRÓDŁAMI NA PALIWA STAŁE ORAZ NISKOEMISYJNYMI / BEZEMISYJNYMI,1055941,16.77
2026-06-16,DANE DO WERYFIKACJI,82822,1.32
2026-06-16,Dane do weryfikacji,82822,1.32
2026-06-16,kocioł automatyczny kl. 5 lub ekoprojekt,463936,7.37
2026-06-16,kocioł gazowy,1206714,19.16
2026-06-16,kocioł kl. 3 lub kl. 4,776770,12.34
2026-06-16,kocioł olejowy,32655,0.52
2026-06-16,kocioł pozaklasowy,1137669,18.07
2026-06-16,kocioł zasypowy kl. 5 lub ekoprojekt,143638,2.28
2026-06-16,miejska sieć ciepłownicza,40150,0.64
2026-06-16,mix źródeł bezemisyjnych,2447,0.04
2026-06-16,mix źródeł bezemisyjnych + źródeł niskoemisyjnych,24692,0.39
2026-06-16,mix źródeł na paliwa stałe 1 (kocioł pozaklasowy + ogrzewacz),308728,4.9
2026-06-16,mix źródeł na paliwa stałe 2 (w tym kocioł kl. 5 lub ekoprojekt),88521,1.41
2026-06-16,mix źródeł na paliwa stałe 3 (pozostałe przypadki),6702,0.11
2026-06-16,mix źródeł niskoemisyjnych,973,0.02
2026-06-16,ogrzewacz na paliwo stałe,643263,10.22
2026-06-16,ogrzewanie elektryczne,58519,0.93
2026-06-16,pompa ciepła,222735,3.54
2026-06-16,źródła c.o. niskoemisyjne lub bezemisyjne + kocioł kl. 5 lub ekoprojekt,33161,0.53
2026-06-16,źródła c.o. niskoemisyjne lub bezemisyjne + kocioł poniżej klasy 5,206088,3.27
2026-06-16,źródła c.o. niskoemisyjne lub bezemisyjne + mix źródeł na paliwa stałe,65487,1.04
2026-06-16,źródła c.o. niskoemisyjne lub bezemisyjne + ogrzewacz na paliwa stałe,751205,11.93
